Redirect 301 /new/20-mstiteli-final.html https://movie-town.ru/novinki/11-mstiteli-final.html

Redirect 301 /serial https://movie-town.ru/serialy/

Redirect 301 /new https://movie-town.ru/novinki/

Redirect 301 /films https://movie-town.ru/filmy/

Redirect 301 /multfilmy https://movie-town.ru/multfilmy/

Redirect 301 /new/59-odnazhdy-v-gollivude.html https://movie-town.ru/novinki/34-odnazhdy-v-gollivude.html

Redirect 301 /serial/58-pacany.html https://movie-town.ru/novinki/43-pacany.html

Redirect 301 /new/57-sobachja-zhizn-2.html https://movie-town.ru/novinki/4-sobachja-zhizn-2.html

Redirect 301 /new/56-shazam.html https://movie-town.ru/novinki/36-shazam.html

Redirect 301 /new/55-pokemon-detektiv-pikachu.html https://movie-town.ru/novinki/35-pokemon-detektiv-pikachu.html

Redirect 301 /new/54-aladdin.html https://movie-town.ru/novinki/7-aladdin.html

Redirect 301 /new/53-ali-ruli.html https://movie-town.ru/novinki/39-ali-ruli.html

Redirect 301 /top-100/52-igry-razuma.html https://movie-town.ru/filmy/6-igry-razuma.html

Redirect 301 /new/51-korol-lev.html https://movie-town.ru/novinki/46-korol-lev.html

Redirect 301 /serial/50-ljucifer.html https://movie-town.ru/serialy/32-ljucifer.html

Redirect 301 /serial/49-zaterjannye-v-kosmose.html https://movie-town.ru/serialy/19-krajnij-kosmos.html

Redirect 301 /serial/48-chernoe-zerkalo.html https://movie-town.ru/serialy/12-chernoe-zerkalo.html

Redirect 301 /new/47-anna.html https://movie-town.ru/novinki/9-anna.html

Redirect 301 /new/46-mertvye-ne-umirajut.html https://movie-town.ru/novinki/44-mertvye-ne-umirajut.html

Redirect 301 /new/45-parazity.html https://movie-town.ru/novinki/21-parazity.html

Redirect 301 /serial/44-teorija-bolshogo-vzryva.html https://movie-town.ru/serialy/42-teorija-bolshogo-vzryva.html

Redirect 301 /films/43-forsazh-8.html https://movie-town.ru/filmy/45-forsazh-8.html

Redirect 301 /serial/42-gotjem.html https://movie-town.ru/serialy/23-gotjem.html

Redirect 301 /films/41-forsazh-7.html https://movie-town.ru/filmy/20-forsazh-7.html

Redirect 301 /top-100/40-prestizh.html https://movie-town.ru/filmy/47-prestizh.html

Redirect 301 /top-100/39-interstellar.html https://movie-town.ru/filmy/25-interstellar.html

Redirect 301 /top-100/38-apgrejd.html https://movie-town.ru/filmy/52-apgrejd.html

Redirect 301 /new/37-chelovek-pauk-vdali-ot-doma.html https://movie-town.ru/novinki/37-chelovek-pauk-vdali-ot-doma.html

Redirect 301 /new/36-prokljatie-annabel-3.html https://movie-town.ru/novinki/10-prokljatie-annabel-3.html

Redirect 301 /serial/35-ochen-strannye-dela.html https://movie-town.ru/serialy/38-ochen-strannye-dela.html

Redirect 301 /top-100/34-leon.html https://movie-town.ru/filmy/30-leon.html

Redirect 301 /films/33-kingsman-sekretnaja-sluzhba.html https://movie-town.ru/filmy/28-kingsman-sekretnaja-sluzhba.html

Redirect 301 /top-100/32-2001-god-kosmicheskaja-odisseja.html https://movie-town.ru/filmy/5-kosmicheskaja-odisseja.html

Redirect 301 /top-100/31-dostuchatsja-do-nebes.html https://movie-town.ru/filmy/29-dostuchatsja-do-nebes.html

Redirect 301 /new/30-alita-boevoj-angel.html https://movie-town.ru/novinki/8-alita-boevoj-angel.html

Redirect 301 /serial/29-krajnij-kosmos.html https://movie-town.ru/serialy/19-krajnij-kosmos.html

Redirect 301 /new/28-detskie-igry.html https://movie-town.ru/novinki/14-detskie-igry.html

Redirect 301 /serial/27-tma.html https://movie-town.ru/serialy/15-tma.html

Redirect 301 /serial/26-blagie-znamenija.html https://movie-town.ru/novinki/22-blagie-znamenija.html

Redirect 301 /serial/25-bolotnaja-tvar.html https://movie-town.ru/novinki/41-bolotnaja-tvar.html

Redirect 301 /new/24-ditja-robota.html https://movie-town.ru/novinki/24-ditja-robota.html

Redirect 301 /serial/23-tvin-piks.html https://movie-town.ru/serialy/51-tvin-piks.html

Redirect 301 /new/22-istorija-igrushek-4.html https://movie-town.ru/novinki/50-istorija-igrushek-4.html

Redirect 301 /serial/21-jelementarno.html https://movie-town.ru/serialy/17-jelementarno.html

Redirect 301 /new/1020-mstiteli-final.html https://movie-town.ru/novinki/11-mstiteli-final.html

Redirect 301 /new/19-dzhon-uik-3.html https://movie-town.ru/novinki/27-dzhon-uik-3.html

Redirect 301 /top-100/18-bojcovskij-klub.html https://movie-town.ru/filmy/18-bojcovskij-klub.html

Redirect 301 /new/17-ljudi-v-chernom-internjeshnl.html https://movie-town.ru/novinki/33-ljudi-v-chernom-internjeshnl.html

Redirect 301 /top-100/16-neprikasaemye.html https://movie-town.ru/filmy/26-11-intouchables.html

Redirect 301 /new/15-ljudi-iks-temnyj-feniks.html https://movie-town.ru/novinki/16-ljudi-iks-temnyj-feniks.html

Redirect 301 /serial/14-hodjachie-mertvecy.html https://movie-town.ru/serialy/49-hodjachie-mertvecy.html

Redirect 301 /new/13-tajnaja-zhizn-domashnih-zhivotnyh-2.html https://movie-town.ru/novinki/48-tajnaja-zhizn-domashnih-zhivotnyh-2.html

Redirect 301 /serial/12-chernobyl.html https://movie-town.ru/novinki/13-chernobyl.html

Redirect 301 /serial/11-vikingi.html https://movie-town.ru/serialy/53-vikingi.html

Redirect 301 /serial/8-sverhestestvennoe.html https://movie-town.ru/serialy/40-sverhestestvennoe.html